372 , 409 , Luxury , 5 , 9 , 570 , KAA
541 , 582 , Utility , 3 , 2 , 427 , KAB
604 , 605 , Luxury , 5 , 5 , 229 , KAC
681 , 701 , Utility , 1 , 10 , 317 , KAD
550 , 622 , Luxury , 4 , 9 , 577 , KAE
633 , 727 , Essential , 5 , 8 , 101 , KAF
685 , 733 , Utility , 6 , 7 , 317 , KAG
482 , 556 , Luxury , 6 , 6 , 465 , KAH
731 , 821 , Essential , 3 , 8 , 378 , KAI
520 , 522 , Utility , 5 , 5 , 382 , KAJ
657 , 707 , Luxury , 5 , 1 , 254 , KAK
277 , 310 , Utility , 4 , 5 , 374 , KAL
459 , 516 , Utility , 3 , 7 , 431 , KAM
341 , 373 , Utility , 8 , 8 , 546 , KAN
705 , 752 , Utility , 2 , 5 , 432 , KAO
531 , 587 , Essential , 1 , 2 , 189 , KAP
567 , 655 , Luxury , 3 , 5 , 474 , KAQ
469 , 484 , Utility , 4 , 3 , 234 , KAR
348 , 358 , Luxury , 4 , 2 , 566 , KAS
411 , 502 , Luxury , 8 , 10 , 221 , KAT
442 , 484 , Utility , 9 , 6 , 112 , KAU
534 , 566 , Luxury , 10 , 5 , 299 , KAV
522 , 575 , Utility , 3 , 9 , 301 , KAW
693 , 699 , Essential , 6 , 8 , 594 , KAX
532 , 553 , Essential , 1 , 9 , 103 , KAY
713 , 725 , Essential , 10 , 9 , 362 , KAZ
477 , 567 , Essential , 7 , 2 , 548 , KBB
529 , 623 , Utility , 8 , 2 , 251 , KBC
509 , 606 , Essential , 4 , 8 , 405 , KBD
453 , 512 , Essential , 4 , 2 , 281 , KBE
666 , 718 , Utility , 8 , 6 , 322 , KBF
348 , 423 , Essential , 7 , 6 , 455 , KBG
741 , 742 , Luxury , 10 , 3 , 546 , KBH
613 , 645 , Utility , 6 , 8 , 484 , KBI
415 , 457 , Luxury , 7 , 2 , 310 , KBJ
588 , 650 , Utility , 4 , 8 , 159 , KBK
463 , 548 , Essential , 10 , 6 , 256 , KBL
533 , 599 , Essential , 2 , 3 , 446 , KBM
721 , 779 , Utility , 5 , 10 , 256 , KBN
696 , 756 , Luxury , 10 , 9 , 146 , KBO
546 , 558 , Luxury , 4 , 3 , 312 , KBP
253 , 297 , Utility , 4 , 9 , 510 , KBQ
624 , 668 , Luxury , 6 , 9 , 487 , KBR
732 , 805 , Luxury , 2 , 4 , 433 , KBS
252 , 345 , Essential , 3 , 4 , 277 , KBT
354 , 445 , Utility , 6 , 9 , 311 , KBU
459 , 474 , Utility , 4 , 9 , 579 , KBV
541 , 575 , Utility , 10 , 8 , 496 , KBW
447 , 500 , Utility , 3 , 10 , 236 , KBX
662 , 705 , Luxury , 5 , 4 , 276 , KBY
294 , 304 , Essential , 1 , 1 , 471 , KBZ
380 , 397 , Utility , 4 , 9 , 516 , KCC
385 , 444 , Essential , 3 , 6 , 427 , KCD
445 , 456 , Luxury , 5 , 10 , 497 , KCE
627 , 650 , Utility , 4 , 4 , 311 , KCF
566 , 618 , Luxury , 6 , 9 , 516 , KCG
624 , 692 , Utility , 7 , 8 , 559 , KCH
383 , 465 , Essential , 6 , 5 , 330 , KCI
365 , 436 , Luxury , 1 , 10 , 536 , KCJ
695 , 747 , Luxury , 8 , 7 , 217 , KCK
536 , 586 , Utility , 5 , 6 , 544 , KCL
665 , 709 , Luxury , 4 , 2 , 415 , KCM
625 , 637 , Essential , 8 , 6 , 592 , KCN
552 , 638 , Essential , 6 , 10 , 416 , KCO
307 , 386 , Luxury , 6 , 8 , 344 , KCP
653 , 712 , Essential , 2 , 2 , 380 , KCQ
261 , 325 , Luxury , 8 , 10 , 479 , KCR
454 , 521 , Essential , 4 , 2 , 354 , KCS
584 , 634 , Essential , 4 , 7 , 205 , KCT
291 , 346 , Essential , 10 , 8 , 485 , KCU
416 , 450 , Essential , 10 , 6 , 504 , KCV
630 , 652 , Essential , 10 , 5 , 211 , KCW
286 , 292 , Utility , 2 , 2 , 457 , KCX
537 , 626 , Luxury , 1 , 3 , 337 , KCY
292 , 349 , Utility , 6 , 5 , 317 , KCZ
692 , 745 , Utility , 3 , 2 , 208 , KDD
670 , 671 , Utility , 1 , 4 , 587 , KDE
482 , 530 , Utility , 8 , 7 , 379 , KDF
728 , 745 , Utility , 8 , 7 , 122 , KDG
642 , 674 , Utility , 5 , 1 , 392 , KDH
558 , 569 , Essential , 4 , 6 , 426 , KDI
273 , 347 , Luxury , 8 , 5 , 376 , KDJ
531 , 565 , Luxury , 4 , 6 , 160 , KDK
445 , 520 , Utility , 5 , 2 , 352 , KDL
362 , 435 , Luxury , 5 , 2 , 246 , KDM
568 , 647 , Utility , 4 , 2 , 333 , KDN
693 , 750 , Luxury , 4 , 5 , 133 , KDO
452 , 458 , Luxury , 4 , 8 , 488 , KDP
689 , 714 , Utility , 1 , 7 , 403 , KDQ
278 , 302 , Luxury , 10 , 2 , 266 , KDR
479 , 483 , Luxury , 7 , 5 , 472 , KDS
287 , 332 , Essential , 9 , 10 , 313 , KDT
257 , 261 , Utility , 5 , 3 , 355 , KDU
733 , 783 , Luxury , 8 , 9 , 497 , KDV
327 , 394 , Essential , 6 , 1 , 155 , KDW
394 , 420 , Essential , 6 , 4 , 481 , KDX
696 , 714 , Luxury , 10 , 4 , 557 , KDY
742 , 812 , Essential , 3 , 4 , 130 , KDZ
444 , 540 , Utility , 7 , 9 , 427 , KEE
593 , 653 , Essential , 9 , 7 , 390 , KEF
287 , 385 , Essential , 1 , 6 , 543 , KEG
294 , 385 , Essential , 1 , 6 , 595 , KEH
265 , 323 , Essential , 8 , 5 , 528 , KEI
321 , 373 , Essential , 8 , 2 , 206 , KEJ
265 , 284 , Luxury , 5 , 7 , 226 , KEK
418 , 426 , Essential , 7 , 3 , 315 , KEL
383 , 391 , Luxury , 2 , 8 , 557 , KEM
741 , 839 , Luxury , 2 , 5 , 485 , KEN
583 , 584 , Luxury , 2 , 2 , 391 , KEO
293 , 305 , Luxury , 8 , 5 , 396 , KEP
682 , 708 , Luxury , 6 , 10 , 272 , KEQ
307 , 385 , Luxury , 3 , 4 , 298 , KER
649 , 714 , Luxury , 3 , 5 , 164 , KES
311 , 383 , Utility , 10 , 10 , 582 , KET
608 , 691 , Luxury , 2 , 9 , 386 , KEU
333 , 381 , Essential , 8 , 2 , 378 , KEV
456 , 503 , Utility , 3 , 5 , 493 , KEW
736 , 809 , Luxury , 1 , 10 , 531 , KEX
553 , 610 , Essential , 8 , 8 , 200 , KEY
290 , 370 , Utility , 4 , 1 , 409 , KEZ
695 , 710 , Essential , 10 , 10 , 407 , KFF
515 , 568 , Utility , 9 , 6 , 515 , KFG
407 , 474 , Utility , 9 , 2 , 583 , KFH
560 , 618 , Utility , 4 , 9 , 498 , KFI
662 , 739 , Luxury , 5 , 3 , 137 , KFJ
684 , 782 , Utility , 2 , 2 , 379 , KFK
419 , 507 , Utility , 2 , 9 , 339 , KFL
266 , 279 , Utility , 3 , 3 , 123 , KFM
461 , 545 , Luxury , 7 , 8 , 153 , KFN
584 , 605 , Luxury , 4 , 9 , 185 , KFO
722 , 810 , Utility , 3 , 6 , 100 , KFP
614 , 709 , Essential , 8 , 7 , 141 , KFQ
692 , 765 , Essential , 9 , 9 , 425 , KFR
527 , 566 , Luxury , 9 , 10 , 369 , KFS
471 , 533 , Utility , 4 , 1 , 302 , KFT
369 , 416 , Luxury , 10 , 7 , 463 , KFU
632 , 716 , Utility , 3 , 9 , 436 , KFV
610 , 667 , Essential , 9 , 6 , 450 , KFW
491 , 492 , Essential , 8 , 10 , 174 , KFX
513 , 613 , Utility , 4 , 6 , 161 , KFY
281 , 319 , Luxury , 5 , 8 , 544 , KFZ
379 , 390 , Utility , 9 , 4 , 504 , KGG
729 , 811 , Luxury , 10 , 9 , 347 , KGH
407 , 506 , Essential , 6 , 2 , 217 , KGI
264 , 326 , Utility , 4 , 6 , 516 , KGJ
318 , 363 , Luxury , 5 , 9 , 352 , KGK
395 , 424 , Utility , 6 , 9 , 136 , KGL
308 , 405 , Utility , 2 , 4 , 212 , KGM
647 , 721 , Essential , 1 , 9 , 158 , KGN
496 , 587 , Essential , 9 , 3 , 455 , KGO
506 , 578 , Luxury , 10 , 4 , 130 , KGP
519 , 551 , Essential , 7 , 10 , 576 , KGQ
574 , 628 , Utility , 9 , 5 , 214 , KGR
487 , 526 , Luxury , 10 , 7 , 359 , KGS
733 , 829 , Luxury , 1 , 4 , 113 , KGT
511 , 571 , Luxury , 9 , 1 , 200 , KGU
469 , 523 , Utility , 10 , 10 , 244 , KGV
333 , 404 , Luxury , 9 , 4 , 561 , KGW
482 , 580 , Essential , 7 , 6 , 373 , KGX
250 , 254 , Utility , 6 , 6 , 541 , KGY
359 , 434 , Essential , 6 , 4 , 143 , KGZ
460 , 515 , Essential , 10 , 4 , 228 , KHH
659 , 724 , Essential , 5 , 4 , 317 , KHI
517 , 597 , Utility , 5 , 7 , 387 , KHJ
538 , 638 , Utility , 8 , 10 , 100 , KHK
680 , 757 , Utility , 4 , 6 , 519 , KHL
321 , 418 , Luxury , 5 , 4 , 310 , KHM
699 , 743 , Utility , 9 , 6 , 285 , KHN
629 , 689 , Utility , 8 , 8 , 252 , KHO
664 , 712 , Luxury , 2 , 5 , 126 , KHP
657 , 709 , Luxury , 10 , 1 , 273 , KHQ
661 , 753 , Luxury , 6 , 3 , 468 , KHR
364 , 451 , Luxury , 10 , 6 , 497 , KHS
417 , 466 , Utility , 3 , 10 , 567 , KHT
264 , 334 , Essential , 2 , 3 , 321 , KHU
371 , 467 , Utility , 6 , 7 , 182 , KHV
453 , 478 , Essential , 6 , 4 , 394 , KHW
370 , 467 , Essential , 6 , 1 , 460 , KHX
526 , 562 , Essential , 3 , 10 , 254 , KHY
459 , 478 , Utility , 9 , 8 , 456 , KHZ
651 , 709 , Utility , 2 , 4 , 110 , KII
742 , 753 , Utility , 6 , 7 , 224 , KIJ
510 , 583 , Essential , 8 , 9 , 577 , KIK
593 , 676 , Utility , 3 , 7 , 223 , KIL
379 , 402 , Utility , 1 , 7 , 170 , KIM
318 , 342 , Essential , 2 , 1 , 539 , KIN
423 , 506 , Essential , 3 , 3 , 280 , KIO
668 , 768 , Utility , 3 , 1 , 502 , KIP
369 , 379 , Utility , 6 , 3 , 341 , KIQ
466 , 473 , Essential , 5 , 3 , 577 , KIR
351 , 360 , Utility , 4 , 3 , 228 , KIS
620 , 690 , Essential , 8 , 9 , 327 , KIT
671 , 755 , Luxury , 2 , 10 , 545 , KIU
258 , 337 , Essential , 2 , 8 , 259 , KIV
267 , 273 , Utility , 5 , 5 , 162 , KIW
278 , 293 , Luxury , 1 , 4 , 256 , KIX
272 , 302 , Luxury , 7 , 8 , 292 , KIY
553 , 644 , Essential , 7 , 9 , 249 , KIZ
336 , 402 , Utility , 10 , 8 , 479 , KJJ
309 , 329 , Utility , 9 , 4 , 145 , KJK
576 , 614 , Utility , 7 , 10 , 499 , KJL
434 , 490 , Essential , 9 , 8 , 456 , KJM
693 , 732 , Utility , 1 , 10 , 403 , KJN
302 , 401 , Utility , 3 , 6 , 364 , KJO
468 , 475 , Essential , 4 , 5 , 321 , KJP
712 , 807 , Utility , 7 , 8 , 251 , KJQ
433 , 491 , Utility , 8 , 2 , 370 , KJR
495 , 517 , Utility , 8 , 3 , 354 , KJS
507 , 599 , Utility , 10 , 7 , 545 , KJT
352 , 356 , Utility , 3 , 3 , 295 , KJU
593 , 598 , Luxury , 6 , 4 , 413 , KJV
307 , 326 , Utility , 10 , 2 , 377 , KJW
418 , 484 , Utility , 3 , 5 , 335 , KJX
525 , 611 , Luxury , 7 , 6 , 545 , KJY
565 , 598 , Essential , 3 , 3 , 319 , KJZ
671 , 753 , Essential , 7 , 4 , 167 , KKK
715 , 734 , Luxury , 9 , 10 , 482 , KKL
356 , 426 , Essential , 10 , 1 , 381 , KKM
522 , 597 , Utility , 6 , 6 , 502 , KKN
513 , 558 , Utility , 7 , 4 , 536 , KKO
690 , 747 , Utility , 2 , 4 , 428 , KKP
346 , 408 , Essential , 1 , 7 , 209 , KKQ
603 , 632 , Essential , 2 , 6 , 529 , KKR
452 , 539 , Essential , 2 , 5 , 456 , KKS
656 , 659 , Essential , 10 , 5 , 330 , KKT
594 , 687 , Essential , 3 , 4 , 442 , KKU
282 , 321 , Luxury , 3 , 5 , 278 , KKV
519 , 551 , Luxury , 3 , 2 , 377 , KKW
721 , 745 , Utility , 3 , 9 , 114 , KKX
444 , 498 , Essential , 7 , 3 , 416 , KKY
660 , 733 , Luxury , 8 , 5 , 442 , KKZ
569 , 571 , Essential , 2 , 1 , 193 , KLL
714 , 754 , Essential , 2 , 8 , 157 , KLM
599 , 643 , Luxury , 1 , 3 , 143 , KLN
596 , 694 , Utility , 9 , 10 , 353 , KLO
266 , 292 , Essential , 4 , 7 , 339 , KLP
713 , 730 , Luxury , 7 , 10 , 409 , KLQ
298 , 342 , Luxury , 5 , 3 , 551 , KLR
311 , 334 , Utility , 7 , 6 , 127 , KLS
417 , 469 , Essential , 2 , 1 , 432 , KLT
289 , 378 , Essential , 2 , 2 , 570 , KLU
632 , 727 , Essential , 10 , 7 , 482 , KLV
359 , 433 , Luxury , 5 , 3 , 345 , KLW
554 , 617 , Essential , 1 , 2 , 526 , KLX
588 , 644 , Essential , 2 , 7 , 218 , KLY
369 , 426 , Luxury , 8 , 7 , 329 , KLZ
635 , 654 , Essential , 3 , 1 , 166 , KMM
310 , 326 , Essential , 8 , 8 , 317 , KMN
670 , 728 , Utility , 4 , 8 , 444 , KMO
735 , 760 , Luxury , 2 , 1 , 137 , KMP
267 , 367 , Luxury , 9 , 6 , 547 , KMQ
480 , 537 , Utility , 9 , 10 , 408 , KMR
748 , 825 , Utility , 1 , 4 , 567 , KMS
375 , 388 , Utility , 3 , 3 , 243 , KMT
261 , 305 , Luxury , 1 , 6 , 562 , KMU
659 , 718 , Luxury , 1 , 8 , 212 , KMV
474 , 556 , Essential , 1 , 5 , 341 , KMW
355 , 418 , Luxury , 9 , 4 , 210 , KMX
730 , 829 , Essential , 3 , 6 , 391 , KMY
348 , 419 , Utility , 8 , 5 , 351 , KMZ
523 , 548 , Luxury , 9 , 6 , 287 , KNN
539 , 591 , Luxury , 5 , 8 , 560 , KNO
724 , 807 , Essential , 7 , 7 , 376 , KNP
412 , 504 , Utility , 7 , 9 , 137 , KNQ
320 , 386 , Luxury , 4 , 5 , 149 , KNR
533 , 599 , Utility , 8 , 6 , 540 , KNS
630 , 726 , Essential , 9 , 8 , 475 , KNT
463 , 540 , Essential , 2 , 4 , 470 , KNU
512 , 566 , Luxury , 1 , 9 , 454 , KNV
577 , 624 , Essential , 2 , 3 , 155 , KNW
373 , 437 , Essential , 6 , 8 , 168 , KNX
631 , 696 , Essential , 5 , 3 , 525 , KNY
373 , 385 , Utility , 7 , 5 , 245 , KNZ
513 , 529 , Utility , 4 , 5 , 477 , KOO
677 , 729 , Essential , 2 , 5 , 318 , KOP
479 , 573 , Luxury , 10 , 3 , 239 , KOQ
603 , 619 , Essential , 8 , 6 , 595 , KOR
432 , 465 , Utility , 10 , 6 , 145 , KOS
679 , 738 , Essential , 4 , 7 , 237 , KOT
411 , 439 , Utility , 7 , 10 , 197 , KOU
589 , 592 , Utility , 7 , 7 , 490 , KOV
317 , 357 , Luxury , 9 , 6 , 506 , KOW
653 , 684 , Luxury , 7 , 10 , 352 , KOX
614 , 682 , Essential , 7 , 1 , 172 , KOY
297 , 366 , Utility , 9 , 1 , 237 , KOZ
686 , 782 , Luxury , 4 , 6 , 163 , KPP
311 , 325 , Luxury , 5 , 4 , 434 , KPQ
666 , 684 , Essential , 1 , 8 , 295 , KPR
594 , 627 , Utility , 9 , 10 , 394 , KPS
385 , 427 , Luxury , 2 , 6 , 426 , KPT
709 , 732 , Utility , 7 , 6 , 319 , KPU
550 , 647 , Essential , 1 , 5 , 385 , KPV
482 , 575 , Utility , 3 , 9 , 593 , KPW
512 , 533 , Utility , 4 , 2 , 298 , KPX
473 , 495 , Utility , 4 , 9 , 560 , KPY
488 , 500 , Luxury , 7 , 8 , 249 , KPZ
680 , 776 , Utility , 8 , 10 , 395 , KQQ
735 , 783 , Utility , 1 , 1 , 352 , KQR
647 , 689 , Luxury , 3 , 6 , 578 , KQS
382 , 477 , Luxury , 8 , 9 , 221 , KQT
281 , 309 , Luxury , 2 , 6 , 417 , KQU
405 , 421 , Luxury , 2 , 1 , 446 , KQV
369 , 400 , Luxury , 3 , 8 , 126 , KQW
392 , 445 , Luxury , 10 , 9 , 254 , KQX
369 , 431 , Utility , 3 , 9 , 215 , KQY
443 , 499 , Utility , 8 , 2 , 382 , KQZ
353 , 433 , Utility , 5 , 8 , 567 , KRR
393 , 396 , Essential , 7 , 8 , 324 , KRS
462 , 501 , Luxury , 3 , 3 , 487 , KRT
270 , 289 , Essential , 6 , 7 , 278 , KRU
320 , 398 , Luxury , 10 , 10 , 208 , KRV
325 , 358 , Luxury , 1 , 1 , 539 , KRW
638 , 693 , Luxury , 5 , 2 , 504 , KRX
421 , 441 , Luxury , 10 , 10 , 310 , KRY
356 , 434 , Essential , 8 , 4 , 460 , KRZ
316 , 327 , Essential , 3 , 10 , 184 , KSS
422 , 463 , Luxury , 6 , 5 , 152 , KST
468 , 531 , Utility , 1 , 10 , 579 , KSU
367 , 411 , Utility , 3 , 10 , 214 , KSV
293 , 355 , Utility , 9 , 4 , 238 , KSW
597 , 629 , Luxury , 4 , 3 , 235 , KSX
621 , 657 , Essential , 10 , 1 , 163 , KSY
663 , 689 , Utility , 2 , 8 , 288 , KSZ
500 , 574 , Luxury , 9 , 10 , 438 , KTT
693 , 766 , Luxury , 8 , 2 , 289 , KTU
498 , 533 , Utility , 6 , 8 , 404 , KTV
595 , 633 , Essential , 2 , 6 , 290 , KTW
729 , 755 , Utility , 5 , 2 , 205 , KTX
606 , 680 , Essential , 3 , 3 , 260 , KTY
670 , 758 , Luxury , 8 , 7 , 409 , KTZ
260 , 358 , Utility , 1 , 1 , 560 , KUU
256 , 307 , Utility , 6 , 4 , 311 , KUV
713 , 808 , Utility , 7 , 6 , 305 , KUW
617 , 700 , Luxury , 5 , 5 , 104 , KUX
496 , 586 , Luxury , 6 , 6 , 269 , KUY
439 , 506 , Luxury , 9 , 7 , 584 , KUZ
293 , 307 , Essential , 6 , 10 , 381 , KVV
302 , 394 , Utility , 1 , 6 , 239 , KVW
556 , 654 , Luxury , 7 , 6 , 545 , KVX
565 , 566 , Essential , 6 , 10 , 501 , KVY
499 , 501 , Utility , 1 , 4 , 155 , KVZ
531 , 596 , Utility , 3 , 10 , 579 , KWW
282 , 328 , Utility , 8 , 10 , 423 , KWX
671 , 701 , Luxury , 9 , 6 , 568 , KWY
456 , 520 , Utility , 3 , 6 , 159 , KWZ
700 , 793 , Luxury , 4 , 3 , 198 , KXX
349 , 364 , Essential , 1 , 4 , 503 , KXY
627 , 628 , Essential , 10 , 7 , 372 , KXZ
522 , 602 , Utility , 8 , 4 , 346 , KYY
278 , 350 , Luxury , 9 , 4 , 232 , KYZ
625 , 632 , Essential , 6 , 3 , 248 , KZZ