590 , 662 , Essential , 1 , 1 , 588 , KAA
447 , 538 , Essential , 3 , 9 , 274 , KAB
328 , 352 , Luxury , 7 , 6 , 183 , KAC
397 , 470 , Essential , 3 , 1 , 533 , KAD
352 , 356 , Utility , 10 , 9 , 365 , KAE
496 , 594 , Luxury , 2 , 7 , 591 , KAF
701 , 776 , Essential , 9 , 7 , 400 , KAG
566 , 659 , Essential , 9 , 4 , 405 , KAH
571 , 613 , Essential , 9 , 8 , 308 , KAI
254 , 308 , Luxury , 2 , 1 , 460 , KAJ
380 , 445 , Luxury , 10 , 8 , 445 , KAK
508 , 514 , Essential , 5 , 10 , 315 , KAL
286 , 308 , Utility , 4 , 6 , 246 , KAM
712 , 748 , Essential , 9 , 8 , 459 , KAN
547 , 603 , Essential , 3 , 7 , 440 , KAO
746 , 783 , Luxury , 1 , 6 , 574 , KAP
606 , 703 , Luxury , 7 , 3 , 387 , KAQ
481 , 543 , Essential , 8 , 5 , 246 , KAR
399 , 436 , Utility , 8 , 5 , 234 , KAS
384 , 404 , Essential , 10 , 7 , 194 , KAT
711 , 810 , Essential , 7 , 4 , 156 , KAU
576 , 667 , Utility , 9 , 8 , 200 , KAV
440 , 465 , Luxury , 8 , 9 , 313 , KAW
636 , 683 , Utility , 1 , 6 , 192 , KAX
560 , 597 , Luxury , 6 , 6 , 345 , KAY
650 , 673 , Luxury , 1 , 3 , 458 , KAZ
562 , 618 , Essential , 6 , 5 , 308 , KBB
382 , 391 , Essential , 5 , 9 , 549 , KBC
330 , 396 , Essential , 7 , 9 , 421 , KBD
271 , 271 , Luxury , 10 , 3 , 574 , KBE
422 , 456 , Luxury , 2 , 5 , 495 , KBF
423 , 462 , Utility , 4 , 1 , 458 , KBG
329 , 419 , Essential , 3 , 2 , 310 , KBH
546 , 583 , Utility , 2 , 1 , 495 , KBI
569 , 668 , Essential , 3 , 3 , 154 , KBJ
333 , 405 , Luxury , 8 , 10 , 591 , KBK
592 , 676 , Utility , 8 , 7 , 438 , KBL
393 , 408 , Luxury , 8 , 4 , 208 , KBM
330 , 351 , Luxury , 5 , 1 , 593 , KBN
417 , 458 , Essential , 2 , 8 , 538 , KBO
269 , 308 , Luxury , 4 , 5 , 169 , KBP
514 , 570 , Luxury , 8 , 8 , 529 , KBQ
562 , 640 , Essential , 4 , 5 , 114 , KBR
348 , 373 , Essential , 7 , 8 , 293 , KBS
571 , 652 , Utility , 6 , 1 , 567 , KBT
539 , 601 , Essential , 6 , 3 , 268 , KBU
546 , 554 , Essential , 8 , 9 , 448 , KBV
321 , 335 , Utility , 9 , 1 , 539 , KBW
384 , 405 , Utility , 8 , 3 , 169 , KBX
541 , 603 , Utility , 1 , 1 , 169 , KBY
652 , 704 , Luxury , 3 , 1 , 101 , KBZ
295 , 306 , Essential , 9 , 5 , 542 , KCC
747 , 755 , Essential , 4 , 2 , 570 , KCD
719 , 776 , Utility , 8 , 4 , 338 , KCE
594 , 657 , Utility , 8 , 9 , 373 , KCF
338 , 420 , Luxury , 9 , 1 , 590 , KCG
267 , 317 , Luxury , 7 , 1 , 253 , KCH
302 , 339 , Essential , 9 , 5 , 489 , KCI
439 , 464 , Utility , 6 , 7 , 249 , KCJ
449 , 535 , Essential , 10 , 3 , 155 , KCK
452 , 538 , Luxury , 4 , 10 , 223 , KCL
717 , 773 , Utility , 6 , 9 , 347 , KCM
260 , 300 , Luxury , 7 , 8 , 515 , KCN
405 , 432 , Essential , 2 , 7 , 473 , KCO
372 , 412 , Utility , 9 , 2 , 521 , KCP
466 , 550 , Essential , 9 , 1 , 233 , KCQ
731 , 825 , Essential , 1 , 2 , 564 , KCR
318 , 374 , Essential , 9 , 8 , 271 , KCS
422 , 445 , Essential , 2 , 6 , 577 , KCT
661 , 666 , Luxury , 3 , 7 , 405 , KCU
692 , 692 , Utility , 9 , 10 , 161 , KCV
720 , 746 , Essential , 8 , 3 , 370 , KCW
282 , 313 , Essential , 8 , 3 , 120 , KCX
512 , 589 , Essential , 3 , 9 , 270 , KCY
477 , 523 , Luxury , 6 , 8 , 595 , KCZ
546 , 595 , Luxury , 2 , 1 , 396 , KDD
606 , 636 , Utility , 3 , 4 , 153 , KDE
399 , 465 , Essential , 9 , 6 , 557 , KDF
715 , 803 , Luxury , 6 , 10 , 144 , KDG
373 , 464 , Essential , 7 , 7 , 256 , KDH
440 , 465 , Essential , 10 , 2 , 441 , KDI
323 , 412 , Essential , 9 , 10 , 401 , KDJ
621 , 706 , Luxury , 9 , 7 , 335 , KDK
430 , 500 , Utility , 4 , 6 , 430 , KDL
372 , 420 , Luxury , 10 , 9 , 151 , KDM
345 , 403 , Luxury , 7 , 4 , 113 , KDN
627 , 654 , Essential , 8 , 7 , 340 , KDO
419 , 482 , Utility , 10 , 8 , 493 , KDP
372 , 443 , Utility , 8 , 2 , 587 , KDQ
303 , 398 , Luxury , 4 , 1 , 390 , KDR
529 , 538 , Luxury , 7 , 7 , 527 , KDS
710 , 729 , Luxury , 2 , 6 , 146 , KDT
288 , 376 , Luxury , 1 , 8 , 165 , KDU
611 , 685 , Luxury , 6 , 10 , 515 , KDV
652 , 681 , Luxury , 6 , 5 , 158 , KDW
440 , 512 , Utility , 10 , 1 , 155 , KDX
556 , 637 , Luxury , 5 , 3 , 559 , KDY
270 , 333 , Utility , 8 , 5 , 434 , KDZ
498 , 585 , Essential , 7 , 7 , 466 , KEE
463 , 524 , Utility , 10 , 7 , 404 , KEF
414 , 467 , Essential , 7 , 4 , 225 , KEG
328 , 364 , Essential , 8 , 7 , 581 , KEH
609 , 657 , Luxury , 8 , 8 , 563 , KEI
528 , 610 , Luxury , 10 , 1 , 291 , KEJ
652 , 749 , Utility , 8 , 3 , 349 , KEK
742 , 818 , Utility , 7 , 2 , 506 , KEL
340 , 417 , Essential , 4 , 4 , 406 , KEM
357 , 418 , Essential , 5 , 2 , 584 , KEN
338 , 357 , Utility , 3 , 4 , 386 , KEO
712 , 734 , Luxury , 6 , 1 , 533 , KEP
459 , 468 , Luxury , 8 , 2 , 119 , KEQ
441 , 500 , Luxury , 5 , 1 , 140 , KER
431 , 486 , Utility , 8 , 4 , 576 , KES
750 , 796 , Utility , 10 , 3 , 346 , KET
577 , 654 , Luxury , 7 , 4 , 463 , KEU
546 , 645 , Utility , 10 , 10 , 388 , KEV
653 , 657 , Essential , 7 , 10 , 458 , KEW
306 , 378 , Essential , 2 , 1 , 110 , KEX
718 , 771 , Essential , 2 , 4 , 185 , KEY
379 , 445 , Utility , 2 , 10 , 447 , KEZ
537 , 613 , Essential , 4 , 3 , 268 , KFF
698 , 699 , Luxury , 1 , 10 , 214 , KFG
580 , 652 , Essential , 8 , 9 , 337 , KFH
533 , 590 , Essential , 1 , 2 , 125 , KFI
401 , 437 , Essential , 10 , 5 , 235 , KFJ
267 , 270 , Luxury , 7 , 4 , 561 , KFK
725 , 753 , Utility , 10 , 10 , 143 , KFL
633 , 661 , Luxury , 1 , 8 , 479 , KFM
711 , 719 , Luxury , 3 , 7 , 249 , KFN
296 , 301 , Essential , 6 , 6 , 216 , KFO
535 , 567 , Essential , 3 , 3 , 562 , KFP
251 , 335 , Essential , 9 , 10 , 331 , KFQ
508 , 523 , Luxury , 5 , 6 , 490 , KFR
289 , 336 , Essential , 1 , 7 , 185 , KFS
526 , 580 , Luxury , 4 , 2 , 545 , KFT
570 , 601 , Essential , 9 , 9 , 335 , KFU
364 , 402 , Utility , 3 , 2 , 164 , KFV
487 , 530 , Essential , 8 , 2 , 214 , KFW
398 , 398 , Essential , 4 , 7 , 527 , KFX
522 , 602 , Utility , 2 , 2 , 128 , KFY
283 , 379 , Essential , 3 , 2 , 424 , KFZ
287 , 335 , Luxury , 6 , 6 , 381 , KGG
349 , 387 , Essential , 1 , 7 , 131 , KGH
380 , 425 , Essential , 8 , 2 , 364 , KGI
656 , 744 , Essential , 2 , 3 , 237 , KGJ
680 , 737 , Luxury , 7 , 6 , 313 , KGK
277 , 292 , Utility , 1 , 10 , 292 , KGL
423 , 519 , Essential , 5 , 2 , 252 , KGM
455 , 479 , Essential , 6 , 8 , 358 , KGN
336 , 402 , Essential , 6 , 5 , 246 , KGO
671 , 704 , Essential , 6 , 2 , 514 , KGP
454 , 480 , Luxury , 6 , 7 , 450 , KGQ
682 , 782 , Utility , 6 , 8 , 435 , KGR
317 , 341 , Luxury , 7 , 3 , 482 , KGS
488 , 561 , Luxury , 2 , 2 , 371 , KGT
264 , 351 , Essential , 8 , 3 , 318 , KGU
402 , 434 , Utility , 5 , 1 , 400 , KGV
392 , 402 , Utility , 1 , 8 , 112 , KGW
265 , 270 , Utility , 3 , 5 , 343 , KGX
697 , 734 , Utility , 4 , 5 , 299 , KGY
677 , 737 , Utility , 4 , 10 , 559 , KGZ
612 , 696 , Luxury , 8 , 2 , 495 , KHH
519 , 583 , Luxury , 3 , 9 , 176 , KHI
481 , 495 , Essential , 8 , 9 , 196 , KHJ
603 , 616 , Utility , 1 , 9 , 164 , KHK
579 , 665 , Utility , 8 , 9 , 329 , KHL
678 , 770 , Utility , 4 , 9 , 115 , KHM
300 , 389 , Essential , 10 , 3 , 333 , KHN
412 , 480 , Essential , 10 , 9 , 570 , KHO
651 , 722 , Utility , 8 , 2 , 325 , KHP
320 , 342 , Luxury , 3 , 3 , 482 , KHQ
508 , 589 , Utility , 9 , 8 , 123 , KHR
673 , 764 , Essential , 1 , 7 , 437 , KHS
314 , 392 , Essential , 6 , 3 , 535 , KHT
667 , 737 , Essential , 3 , 10 , 280 , KHU
336 , 386 , Luxury , 3 , 9 , 397 , KHV
440 , 479 , Luxury , 1 , 1 , 367 , KHW
505 , 509 , Luxury , 9 , 8 , 135 , KHX
258 , 345 , Luxury , 6 , 8 , 451 , KHY
555 , 575 , Luxury , 2 , 7 , 472 , KHZ
550 , 624 , Essential , 9 , 3 , 186 , KII
326 , 373 , Utility , 7 , 9 , 568 , KIJ
551 , 567 , Essential , 3 , 7 , 334 , KIK
537 , 595 , Luxury , 6 , 10 , 454 , KIL
659 , 671 , Utility , 4 , 3 , 357 , KIM
602 , 611 , Utility , 5 , 4 , 219 , KIN
586 , 658 , Luxury , 9 , 8 , 208 , KIO
674 , 699 , Essential , 6 , 5 , 290 , KIP
541 , 591 , Essential , 6 , 10 , 103 , KIQ
412 , 442 , Essential , 3 , 4 , 141 , KIR
340 , 347 , Essential , 9 , 6 , 462 , KIS
587 , 664 , Utility , 5 , 6 , 132 , KIT
319 , 339 , Luxury , 9 , 9 , 501 , KIU
705 , 705 , Luxury , 6 , 5 , 445 , KIV
258 , 282 , Essential , 9 , 1 , 350 , KIW
419 , 451 , Luxury , 1 , 2 , 476 , KIX
402 , 424 , Utility , 1 , 5 , 518 , KIY
667 , 714 , Utility , 1 , 8 , 231 , KIZ
445 , 461 , Luxury , 1 , 7 , 596 , KJJ
453 , 461 , Essential , 5 , 8 , 584 , KJK
602 , 648 , Luxury , 8 , 2 , 338 , KJL
612 , 712 , Essential , 9 , 9 , 525 , KJM
448 , 510 , Essential , 2 , 5 , 553 , KJN
482 , 568 , Utility , 5 , 3 , 380 , KJO
600 , 696 , Luxury , 6 , 5 , 158 , KJP
510 , 518 , Essential , 10 , 1 , 231 , KJQ
402 , 408 , Essential , 9 , 7 , 267 , KJR
650 , 681 , Luxury , 10 , 7 , 118 , KJS
570 , 660 , Utility , 8 , 6 , 252 , KJT
505 , 578 , Luxury , 1 , 6 , 507 , KJU
449 , 522 , Utility , 9 , 10 , 560 , KJV
719 , 786 , Luxury , 10 , 10 , 363 , KJW
377 , 470 , Luxury , 3 , 5 , 554 , KJX
258 , 345 , Essential , 3 , 7 , 451 , KJY
385 , 482 , Luxury , 1 , 8 , 207 , KJZ
260 , 339 , Utility , 10 , 7 , 385 , KKK
732 , 732 , Luxury , 2 , 10 , 266 , KKL
741 , 757 , Utility , 3 , 4 , 335 , KKM
623 , 708 , Essential , 6 , 1 , 263 , KKN
436 , 490 , Utility , 1 , 7 , 400 , KKO
622 , 686 , Essential , 8 , 8 , 456 , KKP
517 , 610 , Utility , 2 , 3 , 105 , KKQ
380 , 451 , Essential , 1 , 2 , 409 , KKR
463 , 481 , Luxury , 4 , 7 , 526 , KKS
659 , 693 , Luxury , 2 , 6 , 511 , KKT
622 , 675 , Essential , 5 , 4 , 327 , KKU
453 , 504 , Essential , 9 , 1 , 592 , KKV
743 , 770 , Utility , 10 , 1 , 133 , KKW
329 , 339 , Essential , 8 , 4 , 241 , KKX
706 , 723 , Essential , 7 , 6 , 541 , KKY
643 , 650 , Utility , 10 , 6 , 531 , KKZ
317 , 340 , Utility , 9 , 8 , 191 , KLL
736 , 823 , Essential , 4 , 5 , 423 , KLM
741 , 764 , Utility , 2 , 2 , 388 , KLN
261 , 318 , Essential , 2 , 4 , 226 , KLO
742 , 748 , Utility , 3 , 6 , 442 , KLP
272 , 306 , Luxury , 8 , 5 , 220 , KLQ
588 , 679 , Essential , 4 , 2 , 177 , KLR
655 , 669 , Utility , 4 , 2 , 455 , KLS
575 , 618 , Utility , 6 , 1 , 235 , KLT
466 , 554 , Essential , 4 , 10 , 508 , KLU
565 , 598 , Luxury , 10 , 5 , 325 , KLV
283 , 373 , Luxury , 5 , 1 , 525 , KLW
588 , 668 , Essential , 6 , 3 , 599 , KLX
427 , 430 , Utility , 5 , 1 , 517 , KLY
327 , 373 , Luxury , 5 , 10 , 284 , KLZ
304 , 363 , Luxury , 7 , 8 , 117 , KMM
267 , 326 , Luxury , 8 , 4 , 353 , KMN
749 , 774 , Utility , 1 , 5 , 314 , KMO
512 , 533 , Luxury , 10 , 1 , 352 , KMP
285 , 369 , Utility , 2 , 9 , 419 , KMQ
394 , 487 , Luxury , 9 , 7 , 495 , KMR
714 , 803 , Utility , 9 , 10 , 549 , KMS
679 , 765 , Essential , 7 , 8 , 502 , KMT
359 , 392 , Luxury , 4 , 10 , 120 , KMU
648 , 731 , Essential , 8 , 10 , 302 , KMV
595 , 689 , Utility , 7 , 7 , 253 , KMW
471 , 490 , Luxury , 6 , 4 , 394 , KMX
591 , 646 , Essential , 6 , 6 , 228 , KMY
361 , 395 , Utility , 7 , 4 , 148 , KMZ
466 , 485 , Luxury , 3 , 3 , 507 , KNN
601 , 631 , Utility , 10 , 9 , 231 , KNO
307 , 374 , Utility , 8 , 7 , 289 , KNP
523 , 539 , Utility , 7 , 9 , 412 , KNQ
255 , 353 , Essential , 6 , 4 , 347 , KNR
584 , 660 , Essential , 4 , 5 , 475 , KNS
460 , 525 , Utility , 8 , 1 , 466 , KNT
580 , 601 , Essential , 7 , 4 , 504 , KNU
325 , 339 , Utility , 3 , 6 , 209 , KNV
344 , 392 , Luxury , 2 , 9 , 102 , KNW
441 , 541 , Luxury , 2 , 9 , 451 , KNX
669 , 717 , Essential , 6 , 6 , 324 , KNY
685 , 766 , Luxury , 2 , 2 , 473 , KNZ
530 , 548 , Essential , 10 , 4 , 508 , KOO
266 , 339 , Utility , 9 , 4 , 250 , KOP
660 , 721 , Utility , 10 , 8 , 124 , KOQ
547 , 591 , Luxury , 5 , 2 , 112 , KOR
490 , 555 , Utility , 1 , 9 , 591 , KOS
289 , 333 , Luxury , 7 , 8 , 474 , KOT
413 , 477 , Utility , 10 , 7 , 340 , KOU
448 , 545 , Luxury , 8 , 1 , 512 , KOV
428 , 497 , Utility , 10 , 7 , 409 , KOW
398 , 442 , Utility , 2 , 7 , 136 , KOX
698 , 760 , Luxury , 8 , 10 , 561 , KOY
342 , 376 , Utility , 3 , 6 , 518 , KOZ
643 , 687 , Luxury , 10 , 7 , 521 , KPP
559 , 655 , Essential , 1 , 2 , 439 , KPQ
312 , 347 , Essential , 1 , 9 , 435 , KPR
554 , 612 , Utility , 3 , 4 , 398 , KPS
402 , 423 , Luxury , 8 , 1 , 560 , KPT
357 , 386 , Luxury , 10 , 5 , 505 , KPU
610 , 688 , Utility , 5 , 9 , 201 , KPV
341 , 384 , Essential , 4 , 1 , 107 , KPW
371 , 407 , Essential , 8 , 1 , 497 , KPX
671 , 700 , Luxury , 1 , 4 , 228 , KPY
293 , 382 , Luxury , 4 , 4 , 347 , KPZ
578 , 672 , Essential , 9 , 9 , 443 , KQQ
444 , 451 , Essential , 9 , 9 , 474 , KQR
450 , 533 , Luxury , 9 , 7 , 143 , KQS
638 , 657 , Utility , 6 , 5 , 217 , KQT
281 , 374 , Essential , 8 , 2 , 243 , KQU
588 , 617 , Luxury , 4 , 3 , 348 , KQV
342 , 345 , Utility , 3 , 3 , 190 , KQW
462 , 555 , Luxury , 5 , 9 , 448 , KQX
655 , 684 , Utility , 2 , 4 , 488 , KQY
698 , 796 , Utility , 1 , 7 , 281 , KQZ
430 , 470 , Luxury , 4 , 6 , 316 , KRR
264 , 284 , Essential , 5 , 7 , 435 , KRS
437 , 487 , Essential , 9 , 2 , 225 , KRT
619 , 624 , Utility , 3 , 2 , 515 , KRU
476 , 504 , Luxury , 1 , 3 , 520 , KRV
532 , 534 , Utility , 6 , 2 , 151 , KRW
517 , 615 , Essential , 5 , 10 , 385 , KRX
622 , 642 , Utility , 7 , 8 , 303 , KRY
375 , 381 , Utility , 7 , 10 , 397 , KRZ
575 , 575 , Essential , 9 , 2 , 282 , KSS
320 , 388 , Luxury , 8 , 9 , 384 , KST
485 , 580 , Luxury , 8 , 9 , 520 , KSU
599 , 621 , Utility , 7 , 9 , 177 , KSV
652 , 685 , Essential , 6 , 9 , 386 , KSW
394 , 433 , Utility , 5 , 2 , 391 , KSX
410 , 419 , Utility , 2 , 4 , 163 , KSY
510 , 559 , Utility , 7 , 4 , 578 , KSZ
718 , 753 , Utility , 9 , 5 , 288 , KTT
531 , 537 , Luxury , 4 , 1 , 372 , KTU
432 , 488 , Utility , 2 , 2 , 257 , KTV
535 , 553 , Luxury , 8 , 4 , 416 , KTW
291 , 344 , Utility , 1 , 10 , 103 , KTX
536 , 590 , Utility , 1 , 9 , 264 , KTY
720 , 737 , Essential , 4 , 3 , 140 , KTZ
703 , 710 , Essential , 3 , 8 , 148 , KUU
702 , 800 , Essential , 6 , 9 , 583 , KUV
359 , 415 , Luxury , 4 , 5 , 376 , KUW
558 , 643 , Essential , 2 , 6 , 464 , KUX
297 , 391 , Luxury , 8 , 2 , 165 , KUY
316 , 399 , Utility , 8 , 4 , 146 , KUZ
720 , 802 , Luxury , 10 , 3 , 166 , KVV
411 , 469 , Luxury , 2 , 2 , 163 , KVW
533 , 543 , Luxury , 6 , 3 , 377 , KVX
582 , 611 , Utility , 3 , 10 , 278 , KVY
523 , 581 , Utility , 10 , 9 , 203 , KVZ
469 , 475 , Essential , 6 , 7 , 174 , KWW
251 , 277 , Utility , 3 , 3 , 365 , KWX
436 , 499 , Luxury , 9 , 9 , 471 , KWY
686 , 781 , Luxury , 3 , 4 , 152 , KWZ
504 , 504 , Utility , 3 , 4 , 390 , KXX
347 , 370 , Essential , 1 , 9 , 404 , KXY
631 , 654 , Essential , 8 , 6 , 439 , KXZ
388 , 477 , Essential , 1 , 6 , 502 , KYY
520 , 581 , Luxury , 7 , 7 , 166 , KYZ
301 , 367 , Utility , 2 , 4 , 542 , KZZ
